Link-1,urls,text-content
 ['http://stepmom.uno/'],http://stepmom.uno/,free dating site warning see nude photos videos please discreet continue x000d 459k comments member register carol baynes great privacy photo tagline displayed hour time also means youad better move fast like * x000d reply * x000d x000d * x000d mins ago carmenza duran pena donat need facebook log one choose nickname itas specific gender kink wise potential find perfect partner however free service limited full use costly aPS aPS month monthly annually guess question much value kink like * x000d reply * x000d x000d * x000d mins ago lili ramos ready thank thanks like * x000d reply * x000d x000d * x000d mins ago sahra tulaz greattttt register get find soul mate thnk like * x000d reply * x000d x000d * x000d mins ago mari odaka god blessssss love site like * x000d reply * x000d x000d * x000d mins ago mary tait looking love like * x000d reply * x000d x000d * x000d mins ago tobias tollbom tried get meet someone nice think maybe someone come yet feel difficulties like * x000d reply * x000d x000d * x000d mins ago king ho looking marriage seriously like * x000d reply * x000d x000d * x000d hrs ago shiran huber great love u like * x000d reply * x000d x000d * x000d hrs ago melissa cameron tried site found soul mate near like * x000d reply * x000d x000d * x000d hrs ago hytham behiry love site like * x000d reply * x000d x000d * x000d hrs ago brian hutchison mean sign right away real like * x000d reply * x000d x000d * x000d hrs ago danielle cossack barbieri way hide profile people live outside us list member noticed majority likes women europe asia like * x000d reply * x000d x000d * x000d hrs ago paige hubbs cute love see diverse representations dating success beyond het white marriage last feb story eric jenn like * x000d reply * x000d x000d * x000d hrs ago facebook comments plugin leave comment copyright (c) award certificate trusted event tindersexplus contact us contact us name email message submit
 ['http://cu46.uno/'],http://cu46.uno/,free dating site warning see nude photos videos please discreet continue x000d 459k comments member register carol baynes great privacy photo tagline displayed hour time also means youad better move fast like * x000d reply * x000d x000d * x000d mins ago carmenza duran pena donat need facebook log one choose nickname itas specific gender kink wise potential find perfect partner however free service limited full use costly aPS aPS month monthly annually guess question much value kink like * x000d reply * x000d x000d * x000d mins ago lili ramos ready thank thanks like * x000d reply * x000d x000d * x000d mins ago sahra tulaz greattttt register get find soul mate thnk like * x000d reply * x000d x000d * x000d mins ago mari odaka god blessssss love site like * x000d reply * x000d x000d * x000d mins ago mary tait looking love like * x000d reply * x000d x000d * x000d mins ago tobias tollbom tried get meet someone nice think maybe someone come yet feel difficulties like * x000d reply * x000d x000d * x000d mins ago king ho looking marriage seriously like * x000d reply * x000d x000d * x000d hrs ago shiran huber great love u like * x000d reply * x000d x000d * x000d hrs ago melissa cameron tried site found soul mate near like * x000d reply * x000d x000d * x000d hrs ago hytham behiry love site like * x000d reply * x000d x000d * x000d hrs ago brian hutchison mean sign right away real like * x000d reply * x000d x000d * x000d hrs ago danielle cossack barbieri way hide profile people live outside us list member noticed majority likes women europe asia like * x000d reply * x000d x000d * x000d hrs ago paige hubbs cute love see diverse representations dating success beyond het white marriage last feb story eric jenn like * x000d reply * x000d x000d * x000d hrs ago facebook comments plugin leave comment copyright (c) award certificate trusted event tindersexplus contact us contact us name email message submit
  'http://aishite.tokyo/KIMDA',http://aishite.tokyo/kimda,please wait automatic redirecting secure page
 ['http://teenxxx.uno/',http://teenxxx.uno/,free dating site warning see nude photos videos please discreet continue x000d 459k comments member register carol baynes great privacy photo tagline displayed hour time also means youad better move fast like * x000d reply * x000d x000d * x000d mins ago carmenza duran pena donat need facebook log one choose nickname itas specific gender kink wise potential find perfect partner however free service limited full use costly aPS aPS month monthly annually guess question much value kink like * x000d reply * x000d x000d * x000d mins ago lili ramos ready thank thanks like * x000d reply * x000d x000d * x000d mins ago sahra tulaz greattttt register get find soul mate thnk like * x000d reply * x000d x000d * x000d mins ago mari odaka god blessssss love site like * x000d reply * x000d x000d * x000d mins ago mary tait looking love like * x000d reply * x000d x000d * x000d mins ago tobias tollbom tried get meet someone nice think maybe someone come yet feel difficulties like * x000d reply * x000d x000d * x000d mins ago king ho looking marriage seriously like * x000d reply * x000d x000d * x000d hrs ago shiran huber great love u like * x000d reply * x000d x000d * x000d hrs ago melissa cameron tried site found soul mate near like * x000d reply * x000d x000d * x000d hrs ago hytham behiry love site like * x000d reply * x000d x000d * x000d hrs ago brian hutchison mean sign right away real like * x000d reply * x000d x000d * x000d hrs ago danielle cossack barbieri way hide profile people live outside us list member noticed majority likes women europe asia like * x000d reply * x000d x000d * x000d hrs ago paige hubbs cute love see diverse representations dating success beyond het white marriage last feb story eric jenn like * x000d reply * x000d x000d * x000d hrs ago facebook comments plugin leave comment copyright (c) award certificate trusted event tindersexplus contact us contact us name email message submit
 ['http://babes.maximaus.uno/'],http://babes.maximaus.uno/,free dating site warning see nude photos videos please discreet continue x000d 459k comments member register carol baynes great privacy photo tagline displayed hour time also means youad better move fast like * x000d reply * x000d x000d * x000d mins ago carmenza duran pena donat need facebook log one choose nickname itas specific gender kink wise potential find perfect partner however free service limited full use costly aPS aPS month monthly annually guess question much value kink like * x000d reply * x000d x000d * x000d mins ago lili ramos ready thank thanks like * x000d reply * x000d x000d * x000d mins ago sahra tulaz greattttt register get find soul mate thnk like * x000d reply * x000d x000d * x000d mins ago mari odaka god blessssss love site like * x000d reply * x000d x000d * x000d mins ago mary tait looking love like * x000d reply * x000d x000d * x000d mins ago tobias tollbom tried get meet someone nice think maybe someone come yet feel difficulties like * x000d reply * x000d x000d * x000d mins ago king ho looking marriage seriously like * x000d reply * x000d x000d * x000d hrs ago shiran huber great love u like * x000d reply * x000d x000d * x000d hrs ago melissa cameron tried site found soul mate near like * x000d reply * x000d x000d * x000d hrs ago hytham behiry love site like * x000d reply * x000d x000d * x000d hrs ago brian hutchison mean sign right away real like * x000d reply * x000d x000d * x000d hrs ago danielle cossack barbieri way hide profile people live outside us list member noticed majority likes women europe asia like * x000d reply * x000d x000d * x000d hrs ago paige hubbs cute love see diverse representations dating success beyond het white marriage last feb story eric jenn like * x000d reply * x000d x000d * x000d hrs ago facebook comments plugin leave comment copyright (c) award certificate trusted event tindersexplus contact us contact us name email message submit
 ['http://kuyya.site/',http://kuyya.site/,better sinder x000d 59 x000d better sinder looking men women men women gender men women older years yes agree use condom sex partner meet site yes may see list photos women area please keep identity secret continue unsubscribe
 ['http://sexedate.uno/'],http://sexedate.uno/,free dating site warning see nude photos videos please discreet continue x000d 459k comments member register carol baynes great privacy photo tagline displayed hour time also means youad better move fast like * x000d reply * x000d x000d * x000d mins ago carmenza duran pena donat need facebook log one choose nickname itas specific gender kink wise potential find perfect partner however free service limited full use costly aPS aPS month monthly annually guess question much value kink like * x000d reply * x000d x000d * x000d mins ago lili ramos ready thank thanks like * x000d reply * x000d x000d * x000d mins ago sahra tulaz greattttt register get find soul mate thnk like * x000d reply * x000d x000d * x000d mins ago mari odaka god blessssss love site like * x000d reply * x000d x000d * x000d mins ago mary tait looking love like * x000d reply * x000d x000d * x000d mins ago tobias tollbom tried get meet someone nice think maybe someone come yet feel difficulties like * x000d reply * x000d x000d * x000d mins ago king ho looking marriage seriously like * x000d reply * x000d x000d * x000d hrs ago shiran huber great love u like * x000d reply * x000d x000d * x000d hrs ago melissa cameron tried site found soul mate near like * x000d reply * x000d x000d * x000d hrs ago hytham behiry love site like * x000d reply * x000d x000d * x000d hrs ago brian hutchison mean sign right away real like * x000d reply * x000d x000d * x000d hrs ago danielle cossack barbieri way hide profile people live outside us list member noticed majority likes women europe asia like * x000d reply * x000d x000d * x000d hrs ago paige hubbs cute love see diverse representations dating success beyond het white marriage last feb story eric jenn like * x000d reply * x000d x000d * x000d hrs ago facebook comments plugin leave comment copyright (c) award certificate trusted event tindersexplus contact us contact us name email message submit
 ['http://teasingsex.uno/',http://teasingsex.uno/,free dating site warning see nude photos videos please discreet continue x000d 459k comments member register carol baynes great privacy photo tagline displayed hour time also means youad better move fast like * x000d reply * x000d x000d * x000d mins ago carmenza duran pena donat need facebook log one choose nickname itas specific gender kink wise potential find perfect partner however free service limited full use costly aPS aPS month monthly annually guess question much value kink like * x000d reply * x000d x000d * x000d mins ago lili ramos ready thank thanks like * x000d reply * x000d x000d * x000d mins ago sahra tulaz greattttt register get find soul mate thnk like * x000d reply * x000d x000d * x000d mins ago mari odaka god blessssss love site like * x000d reply * x000d x000d * x000d mins ago mary tait looking love like * x000d reply * x000d x000d * x000d mins ago tobias tollbom tried get meet someone nice think maybe someone come yet feel difficulties like * x000d reply * x000d x000d * x000d mins ago king ho looking marriage seriously like * x000d reply * x000d x000d * x000d hrs ago shiran huber great love u like * x000d reply * x000d x000d * x000d hrs ago melissa cameron tried site found soul mate near like * x000d reply * x000d x000d * x000d hrs ago hytham behiry love site like * x000d reply * x000d x000d * x000d hrs ago brian hutchison mean sign right away real like * x000d reply * x000d x000d * x000d hrs ago danielle cossack barbieri way hide profile people live outside us list member noticed majority likes women europe asia like * x000d reply * x000d x000d * x000d hrs ago paige hubbs cute love see diverse representations dating success beyond het white marriage last feb story eric jenn like * x000d reply * x000d x000d * x000d hrs ago facebook comments plugin leave comment copyright (c) award certificate trusted event tindersexplus contact us contact us name email message submit
  'http://aishite.tokyo/collmex',http://aishite.tokyo/collmex,please wait automatic redirecting secure page
 ['http://topchicks.uno/'],http://topchicks.uno/,free dating site warning see nude photos videos please discreet continue x000d 459k comments member register carol baynes great privacy photo tagline displayed hour time also means youad better move fast like * x000d reply * x000d x000d * x000d mins ago carmenza duran pena donat need facebook log one choose nickname itas specific gender kink wise potential find perfect partner however free service limited full use costly aPS aPS month monthly annually guess question much value kink like * x000d reply * x000d x000d * x000d mins ago lili ramos ready thank thanks like * x000d reply * x000d x000d * x000d mins ago sahra tulaz greattttt register get find soul mate thnk like * x000d reply * x000d x000d * x000d mins ago mari odaka god blessssss love site like * x000d reply * x000d x000d * x000d mins ago mary tait looking love like * x000d reply * x000d x000d * x000d mins ago tobias tollbom tried get meet someone nice think maybe someone come yet feel difficulties like * x000d reply * x000d x000d * x000d mins ago king ho looking marriage seriously like * x000d reply * x000d x000d * x000d hrs ago shiran huber great love u like * x000d reply * x000d x000d * x000d hrs ago melissa cameron tried site found soul mate near like * x000d reply * x000d x000d * x000d hrs ago hytham behiry love site like * x000d reply * x000d x000d * x000d hrs ago brian hutchison mean sign right away real like * x000d reply * x000d x000d * x000d hrs ago danielle cossack barbieri way hide profile people live outside us list member noticed majority likes women europe asia like * x000d reply * x000d x000d * x000d hrs ago paige hubbs cute love see diverse representations dating success beyond het white marriage last feb story eric jenn like * x000d reply * x000d x000d * x000d hrs ago facebook comments plugin leave comment copyright (c) award certificate trusted event tindersexplus contact us contact us name email message submit
 ['http://kingadik.uno/'],http://kingadik.uno/,sexy girl - sexy girl register find soulmate today get perfect match area see matches facebook f twitter instagram pinterest google plus g get movies club (c) rights reserved
 ['http://culosculonas.uno/',http://culosculonas.uno/,sexy girl - sexy girl register find soulmate today get perfect match area see matches facebook f twitter instagram pinterest google plus g get movies club (c) rights reserved
 ['http://sweetxxx.uno/'],http://sweetxxx.uno/,free dating site warning see nude photos videos please discreet continue x000d 459k comments member register carol baynes great privacy photo tagline displayed hour time also means youad better move fast like * x000d reply * x000d x000d * x000d mins ago carmenza duran pena donat need facebook log one choose nickname itas specific gender kink wise potential find perfect partner however free service limited full use costly aPS aPS month monthly annually guess question much value kink like * x000d reply * x000d x000d * x000d mins ago lili ramos ready thank thanks like * x000d reply * x000d x000d * x000d mins ago sahra tulaz greattttt register get find soul mate thnk like * x000d reply * x000d x000d * x000d mins ago mari odaka god blessssss love site like * x000d reply * x000d x000d * x000d mins ago mary tait looking love like * x000d reply * x000d x000d * x000d mins ago tobias tollbom tried get meet someone nice think maybe someone come yet feel difficulties like * x000d reply * x000d x000d * x000d mins ago king ho looking marriage seriously like * x000d reply * x000d x000d * x000d hrs ago shiran huber great love u like * x000d reply * x000d x000d * x000d hrs ago melissa cameron tried site found soul mate near like * x000d reply * x000d x000d * x000d hrs ago hytham behiry love site like * x000d reply * x000d x000d * x000d hrs ago brian hutchison mean sign right away real like * x000d reply * x000d x000d * x000d hrs ago danielle cossack barbieri way hide profile people live outside us list member noticed majority likes women europe asia like * x000d reply * x000d x000d * x000d hrs ago paige hubbs cute love see diverse representations dating success beyond het white marriage last feb story eric jenn like * x000d reply * x000d x000d * x000d hrs ago facebook comments plugin leave comment copyright (c) award certificate trusted event tindersexplus contact us contact us name email message submit
 ['http://sexhoporn.uno/'],http://sexhoporn.uno/,video porn - register find soulmate today get perfect match area continue facebook f twitter instagram pinterest google plus g get movies club (c) rights reserved
 ['http://sexhot.uno/'],http://sexhot.uno/,free dating site warning see nude photos videos please discreet continue x000d 459k comments member register carol baynes great privacy photo tagline displayed hour time also means youad better move fast like * x000d reply * x000d x000d * x000d mins ago carmenza duran pena donat need facebook log one choose nickname itas specific gender kink wise potential find perfect partner however free service limited full use costly aPS aPS month monthly annually guess question much value kink like * x000d reply * x000d x000d * x000d mins ago lili ramos ready thank thanks like * x000d reply * x000d x000d * x000d mins ago sahra tulaz greattttt register get find soul mate thnk like * x000d reply * x000d x000d * x000d mins ago mari odaka god blessssss love site like * x000d reply * x000d x000d * x000d mins ago mary tait looking love like * x000d reply * x000d x000d * x000d mins ago tobias tollbom tried get meet someone nice think maybe someone come yet feel difficulties like * x000d reply * x000d x000d * x000d mins ago king ho looking marriage seriously like * x000d reply * x000d x000d * x000d hrs ago shiran huber great love u like * x000d reply * x000d x000d * x000d hrs ago melissa cameron tried site found soul mate near like * x000d reply * x000d x000d * x000d hrs ago hytham behiry love site like * x000d reply * x000d x000d * x000d hrs ago brian hutchison mean sign right away real like * x000d reply * x000d x000d * x000d hrs ago danielle cossack barbieri way hide profile people live outside us list member noticed majority likes women europe asia like * x000d reply * x000d x000d * x000d hrs ago paige hubbs cute love see diverse representations dating success beyond het white marriage last feb story eric jenn like * x000d reply * x000d x000d * x000d hrs ago facebook comments plugin leave comment copyright (c) award certificate trusted event tindersexplus contact us contact us name email message submit
 ['http://babes.arhgirl.uno/'],http://babes.arhgirl.uno/,free dating site warning see nude photos videos please discreet continue x000d 459k comments member register carol baynes great privacy photo tagline displayed hour time also means youad better move fast like * x000d reply * x000d x000d * x000d mins ago carmenza duran pena donat need facebook log one choose nickname itas specific gender kink wise potential find perfect partner however free service limited full use costly aPS aPS month monthly annually guess question much value kink like * x000d reply * x000d x000d * x000d mins ago lili ramos ready thank thanks like * x000d reply * x000d x000d * x000d mins ago sahra tulaz greattttt register get find soul mate thnk like * x000d reply * x000d x000d * x000d mins ago mari odaka god blessssss love site like * x000d reply * x000d x000d * x000d mins ago mary tait looking love like * x000d reply * x000d x000d * x000d mins ago tobias tollbom tried get meet someone nice think maybe someone come yet feel difficulties like * x000d reply * x000d x000d * x000d mins ago king ho looking marriage seriously like * x000d reply * x000d x000d * x000d hrs ago shiran huber great love u like * x000d reply * x000d x000d * x000d hrs ago melissa cameron tried site found soul mate near like * x000d reply * x000d x000d * x000d hrs ago hytham behiry love site like * x000d reply * x000d x000d * x000d hrs ago brian hutchison mean sign right away real like * x000d reply * x000d x000d * x000d hrs ago danielle cossack barbieri way hide profile people live outside us list member noticed majority likes women europe asia like * x000d reply * x000d x000d * x000d hrs ago paige hubbs cute love see diverse representations dating success beyond het white marriage last feb story eric jenn like * x000d reply * x000d x000d * x000d hrs ago facebook comments plugin leave comment copyright (c) award certificate trusted event tindersexplus contact us contact us name email message submit
 ['http://sexxo.baby/',http://sexxo.baby/,free dating site warning see nude photos videos please discreet continue x000d 459k comments member register carol baynes great privacy photo tagline displayed hour time also means youad better move fast like * x000d reply * x000d x000d * x000d mins ago carmenza duran pena donat need facebook log one choose nickname itas specific gender kink wise potential find perfect partner however free service limited full use costly aPS aPS month monthly annually guess question much value kink like * x000d reply * x000d x000d * x000d mins ago lili ramos ready thank thanks like * x000d reply * x000d x000d * x000d mins ago sahra tulaz greattttt register get find soul mate thnk like * x000d reply * x000d x000d * x000d mins ago mari odaka god blessssss love site like * x000d reply * x000d x000d * x000d mins ago mary tait looking love like * x000d reply * x000d x000d * x000d mins ago tobias tollbom tried get meet someone nice think maybe someone come yet feel difficulties like * x000d reply * x000d x000d * x000d mins ago king ho looking marriage seriously like * x000d reply * x000d x000d * x000d hrs ago shiran huber great love u like * x000d reply * x000d x000d * x000d hrs ago melissa cameron tried site found soul mate near like * x000d reply * x000d x000d * x000d hrs ago hytham behiry love site like * x000d reply * x000d x000d * x000d hrs ago brian hutchison mean sign right away real like * x000d reply * x000d x000d * x000d hrs ago danielle cossack barbieri way hide profile people live outside us list member noticed majority likes women europe asia like * x000d reply * x000d x000d * x000d hrs ago paige hubbs cute love see diverse representations dating success beyond het white marriage last feb story eric jenn like * x000d reply * x000d x000d * x000d hrs ago facebook comments plugin leave comment copyright (c) award certificate trusted event tindersexplus contact us contact us name email message submit
 ['http://drisex.uno/',http://drisex.uno/,free dating site warning see nude photos videos please discreet continue x000d 459k comments member register carol baynes great privacy photo tagline displayed hour time also means youad better move fast like * x000d reply * x000d x000d * x000d mins ago carmenza duran pena donat need facebook log one choose nickname itas specific gender kink wise potential find perfect partner however free service limited full use costly aPS aPS month monthly annually guess question much value kink like * x000d reply * x000d x000d * x000d mins ago lili ramos ready thank thanks like * x000d reply * x000d x000d * x000d mins ago sahra tulaz greattttt register get find soul mate thnk like * x000d reply * x000d x000d * x000d mins ago mari odaka god blessssss love site like * x000d reply * x000d x000d * x000d mins ago mary tait looking love like * x000d reply * x000d x000d * x000d mins ago tobias tollbom tried get meet someone nice think maybe someone come yet feel difficulties like * x000d reply * x000d x000d * x000d mins ago king ho looking marriage seriously like * x000d reply * x000d x000d * x000d hrs ago shiran huber great love u like * x000d reply * x000d x000d * x000d hrs ago melissa cameron tried site found soul mate near like * x000d reply * x000d x000d * x000d hrs ago hytham behiry love site like * x000d reply * x000d x000d * x000d hrs ago brian hutchison mean sign right away real like * x000d reply * x000d x000d * x000d hrs ago danielle cossack barbieri way hide profile people live outside us list member noticed majority likes women europe asia like * x000d reply * x000d x000d * x000d hrs ago paige hubbs cute love see diverse representations dating success beyond het white marriage last feb story eric jenn like * x000d reply * x000d x000d * x000d hrs ago facebook comments plugin leave comment copyright (c) award certificate trusted event tindersexplus contact us contact us name email message submit
 ['http://dhisex.uno/',http://dhisex.uno/,free dating site warning see nude photos videos please discreet continue x000d 459k comments member register carol baynes great privacy photo tagline displayed hour time also means youad better move fast like * x000d reply * x000d x000d * x000d mins ago carmenza duran pena donat need facebook log one choose nickname itas specific gender kink wise potential find perfect partner however free service limited full use costly aPS aPS month monthly annually guess question much value kink like * x000d reply * x000d x000d * x000d mins ago lili ramos ready thank thanks like * x000d reply * x000d x000d * x000d mins ago sahra tulaz greattttt register get find soul mate thnk like * x000d reply * x000d x000d * x000d mins ago mari odaka god blessssss love site like * x000d reply * x000d x000d * x000d mins ago mary tait looking love like * x000d reply * x000d x000d * x000d mins ago tobias tollbom tried get meet someone nice think maybe someone come yet feel difficulties like * x000d reply * x000d x000d * x000d mins ago king ho looking marriage seriously like * x000d reply * x000d x000d * x000d hrs ago shiran huber great love u like * x000d reply * x000d x000d * x000d hrs ago melissa cameron tried site found soul mate near like * x000d reply * x000d x000d * x000d hrs ago hytham behiry love site like * x000d reply * x000d x000d * x000d hrs ago brian hutchison mean sign right away real like * x000d reply * x000d x000d * x000d hrs ago danielle cossack barbieri way hide profile people live outside us list member noticed majority likes women europe asia like * x000d reply * x000d x000d * x000d hrs ago paige hubbs cute love see diverse representations dating success beyond het white marriage last feb story eric jenn like * x000d reply * x000d x000d * x000d hrs ago facebook comments plugin leave comment copyright (c) award certificate trusted event tindersexplus contact us contact us name email message submit
 ['http://babyzee.uno/'],http://babyzee.uno/,free dating site warning see nude photos videos please discreet continue x000d 459k comments member register carol baynes great privacy photo tagline displayed hour time also means youad better move fast like * x000d reply * x000d x000d * x000d mins ago carmenza duran pena donat need facebook log one choose nickname itas specific gender kink wise potential find perfect partner however free service limited full use costly aPS aPS month monthly annually guess question much value kink like * x000d reply * x000d x000d * x000d mins ago lili ramos ready thank thanks like * x000d reply * x000d x000d * x000d mins ago sahra tulaz greattttt register get find soul mate thnk like * x000d reply * x000d x000d * x000d mins ago mari odaka god blessssss love site like * x000d reply * x000d x000d * x000d mins ago mary tait looking love like * x000d reply * x000d x000d * x000d mins ago tobias tollbom tried get meet someone nice think maybe someone come yet feel difficulties like * x000d reply * x000d x000d * x000d mins ago king ho looking marriage seriously like * x000d reply * x000d x000d * x000d hrs ago shiran huber great love u like * x000d reply * x000d x000d * x000d hrs ago melissa cameron tried site found soul mate near like * x000d reply * x000d x000d * x000d hrs ago hytham behiry love site like * x000d reply * x000d x000d * x000d hrs ago brian hutchison mean sign right away real like * x000d reply * x000d x000d * x000d hrs ago danielle cossack barbieri way hide profile people live outside us list member noticed majority likes women europe asia like * x000d reply * x000d x000d * x000d hrs ago paige hubbs cute love see diverse representations dating success beyond het white marriage last feb story eric jenn like * x000d reply * x000d x000d * x000d hrs ago facebook comments plugin leave comment copyright (c) award certificate trusted event tindersexplus contact us contact us name email message submit
 ['http://in.sv/MEJORSEXO',http://in.sv/mejorsexo,popular dating site monthunsubscribeadult onlyreport abusegirls nearby warning warning see nude photos please discreet continue question 1question 1many women desperate single moms cheating wives looking fun could neighbors someone know agree keep identity women secret noyes question 2question 2many women desperate single moms cheating wives looking fun could neighbors someone know agree keep identity women secret noyes question 3question 3many women desperate single moms cheating wives looking fun could neighbors someone know agree keep identity women secret noyesthank thank may see list photos women area please keep identity secret click continue button search basis answers continue
 ['http://hotgils.resete.uno/',http://hotgils.resete.uno/,resete uno domain recently registered namecheap com please check back later resete uno copyright rights reserved privacy policy
 ['http://babes.camsoda.uno/'],http://babes.camsoda.uno/,free dating site warning see nude photos videos please discreet continue x000d 459k comments member register carol baynes great privacy photo tagline displayed hour time also means youad better move fast like * x000d reply * x000d x000d * x000d mins ago carmenza duran pena donat need facebook log one choose nickname itas specific gender kink wise potential find perfect partner however free service limited full use costly aPS aPS month monthly annually guess question much value kink like * x000d reply * x000d x000d * x000d mins ago lili ramos ready thank thanks like * x000d reply * x000d x000d * x000d mins ago sahra tulaz greattttt register get find soul mate thnk like * x000d reply * x000d x000d * x000d mins ago mari odaka god blessssss love site like * x000d reply * x000d x000d * x000d mins ago mary tait looking love like * x000d reply * x000d x000d * x000d mins ago tobias tollbom tried get meet someone nice think maybe someone come yet feel difficulties like * x000d reply * x000d x000d * x000d mins ago king ho looking marriage seriously like * x000d reply * x000d x000d * x000d hrs ago shiran huber great love u like * x000d reply * x000d x000d * x000d hrs ago melissa cameron tried site found soul mate near like * x000d reply * x000d x000d * x000d hrs ago hytham behiry love site like * x000d reply * x000d x000d * x000d hrs ago brian hutchison mean sign right away real like * x000d reply * x000d x000d * x000d hrs ago danielle cossack barbieri way hide profile people live outside us list member noticed majority likes women europe asia like * x000d reply * x000d x000d * x000d hrs ago paige hubbs cute love see diverse representations dating success beyond het white marriage last feb story eric jenn like * x000d reply * x000d x000d * x000d hrs ago facebook comments plugin leave comment copyright (c) award certificate trusted event tindersexplus contact us contact us name email message submit
 ['http://loveme.uno/PROZEN',http://loveme.uno/prozen,please wait automatic redirecting secure page
 ['http://sexoporno.uno/'],http://sexoporno.uno/,sexy girl - sexy girl register find soulmate today get perfect match area see matches facebook f twitter instagram pinterest google plus g get movies club (c) rights reserved
 ['http://sexxo.uno/'],http://sexxo.uno/,sexxo uno domain recently registered namecheap com please check back later sexxo uno copyright rights reserved privacy policy
 ['http://hotslut.uno/'],http://hotslut.uno/,video porn - register find soulmate today get perfect match area continue facebook f twitter instagram pinterest google plus g get movies club (c) rights reserved
 ['http://yt.sv/HOTFANS',http://yt.sv/hotfans,
 ['http://in.bigloves.uno/',http://in.bigloves.uno/,best dating worldwide warning see nude photos horny milfs moms please discreet ok must follow rules given see someone know publicize spread rumors sex one members responsibility protect stds respect sexual desires members members normal men women pornstars prostitutes agree
 ['http://teenpussy.uno/'],http://teenpussy.uno/,free dating site warning see nude photos videos please discreet continue x000d 459k comments member register carol baynes great privacy photo tagline displayed hour time also means youad better move fast like * x000d reply * x000d x000d * x000d mins ago carmenza duran pena donat need facebook log one choose nickname itas specific gender kink wise potential find perfect partner however free service limited full use costly aPS aPS month monthly annually guess question much value kink like * x000d reply * x000d x000d * x000d mins ago lili ramos ready thank thanks like * x000d reply * x000d x000d * x000d mins ago sahra tulaz greattttt register get find soul mate thnk like * x000d reply * x000d x000d * x000d mins ago mari odaka god blessssss love site like * x000d reply * x000d x000d * x000d mins ago mary tait looking love like * x000d reply * x000d x000d * x000d mins ago tobias tollbom tried get meet someone nice think maybe someone come yet feel difficulties like * x000d reply * x000d x000d * x000d mins ago king ho looking marriage seriously like * x000d reply * x000d x000d * x000d hrs ago shiran huber great love u like * x000d reply * x000d x000d * x000d hrs ago melissa cameron tried site found soul mate near like * x000d reply * x000d x000d * x000d hrs ago hytham behiry love site like * x000d reply * x000d x000d * x000d hrs ago brian hutchison mean sign right away real like * x000d reply * x000d x000d * x000d hrs ago danielle cossack barbieri way hide profile people live outside us list member noticed majority likes women europe asia like * x000d reply * x000d x000d * x000d hrs ago paige hubbs cute love see diverse representations dating success beyond het white marriage last feb story eric jenn like * x000d reply * x000d x000d * x000d hrs ago facebook comments plugin leave comment copyright (c) award certificate trusted event tindersexplus contact us contact us name email message submit
 ['http://blondesex.uno/'],http://blondesex.uno/,free dating site warning see nude photos videos please discreet continue x000d 459k comments member register carol baynes great privacy photo tagline displayed hour time also means youad better move fast like * x000d reply * x000d x000d * x000d mins ago carmenza duran pena donat need facebook log one choose nickname itas specific gender kink wise potential find perfect partner however free service limited full use costly aPS aPS month monthly annually guess question much value kink like * x000d reply * x000d x000d * x000d mins ago lili ramos ready thank thanks like * x000d reply * x000d x000d * x000d mins ago sahra tulaz greattttt register get find soul mate thnk like * x000d reply * x000d x000d * x000d mins ago mari odaka god blessssss love site like * x000d reply * x000d x000d * x000d mins ago mary tait looking love like * x000d reply * x000d x000d * x000d mins ago tobias tollbom tried get meet someone nice think maybe someone come yet feel difficulties like * x000d reply * x000d x000d * x000d mins ago king ho looking marriage seriously like * x000d reply * x000d x000d * x000d hrs ago shiran huber great love u like * x000d reply * x000d x000d * x000d hrs ago melissa cameron tried site found soul mate near like * x000d reply * x000d x000d * x000d hrs ago hytham behiry love site like * x000d reply * x000d x000d * x000d hrs ago brian hutchison mean sign right away real like * x000d reply * x000d x000d * x000d hrs ago danielle cossack barbieri way hide profile people live outside us list member noticed majority likes women europe asia like * x000d reply * x000d x000d * x000d hrs ago paige hubbs cute love see diverse representations dating success beyond het white marriage last feb story eric jenn like * x000d reply * x000d x000d * x000d hrs ago facebook comments plugin leave comment copyright (c) award certificate trusted event tindersexplus contact us contact us name email message submit
 ['http://sexposition.uno/'],http://sexposition.uno/,free dating site warning see nude photos videos please discreet continue x000d 459k comments member register carol baynes great privacy photo tagline displayed hour time also means youad better move fast like * x000d reply * x000d x000d * x000d mins ago carmenza duran pena donat need facebook log one choose nickname itas specific gender kink wise potential find perfect partner however free service limited full use costly aPS aPS month monthly annually guess question much value kink like * x000d reply * x000d x000d * x000d mins ago lili ramos ready thank thanks like * x000d reply * x000d x000d * x000d mins ago sahra tulaz greattttt register get find soul mate thnk like * x000d reply * x000d x000d * x000d mins ago mari odaka god blessssss love site like * x000d reply * x000d x000d * x000d mins ago mary tait looking love like * x000d reply * x000d x000d * x000d mins ago tobias tollbom tried get meet someone nice think maybe someone come yet feel difficulties like * x000d reply * x000d x000d * x000d mins ago king ho looking marriage seriously like * x000d reply * x000d x000d * x000d hrs ago shiran huber great love u like * x000d reply * x000d x000d * x000d hrs ago melissa cameron tried site found soul mate near like * x000d reply * x000d x000d * x000d hrs ago hytham behiry love site like * x000d reply * x000d x000d * x000d hrs ago brian hutchison mean sign right away real like * x000d reply * x000d x000d * x000d hrs ago danielle cossack barbieri way hide profile people live outside us list member noticed majority likes women europe asia like * x000d reply * x000d x000d * x000d hrs ago paige hubbs cute love see diverse representations dating success beyond het white marriage last feb story eric jenn like * x000d reply * x000d x000d * x000d hrs ago facebook comments plugin leave comment copyright (c) award certificate trusted event tindersexplus contact us contact us name email message submit
 ['http://stepsister.uno/',http://stepsister.uno/,free dating site warning see nude photos videos please discreet continue x000d 459k comments member register carol baynes great privacy photo tagline displayed hour time also means youad better move fast like * x000d reply * x000d x000d * x000d mins ago carmenza duran pena donat need facebook log one choose nickname itas specific gender kink wise potential find perfect partner however free service limited full use costly aPS aPS month monthly annually guess question much value kink like * x000d reply * x000d x000d * x000d mins ago lili ramos ready thank thanks like * x000d reply * x000d x000d * x000d mins ago sahra tulaz greattttt register get find soul mate thnk like * x000d reply * x000d x000d * x000d mins ago mari odaka god blessssss love site like * x000d reply * x000d x000d * x000d mins ago mary tait looking love like * x000d reply * x000d x000d * x000d mins ago tobias tollbom tried get meet someone nice think maybe someone come yet feel difficulties like * x000d reply * x000d x000d * x000d mins ago king ho looking marriage seriously like * x000d reply * x000d x000d * x000d hrs ago shiran huber great love u like * x000d reply * x000d x000d * x000d hrs ago melissa cameron tried site found soul mate near like * x000d reply * x000d x000d * x000d hrs ago hytham behiry love site like * x000d reply * x000d x000d * x000d hrs ago brian hutchison mean sign right away real like * x000d reply * x000d x000d * x000d hrs ago danielle cossack barbieri way hide profile people live outside us list member noticed majority likes women europe asia like * x000d reply * x000d x000d * x000d hrs ago paige hubbs cute love see diverse representations dating success beyond het white marriage last feb story eric jenn like * x000d reply * x000d x000d * x000d hrs ago facebook comments plugin leave comment copyright (c) award certificate trusted event tindersexplus contact us contact us name email message submit
 ['http://putsex.uno/',http://putsex.uno/,free dating site warning see nude photos videos please discreet continue x000d 459k comments member register carol baynes great privacy photo tagline displayed hour time also means youad better move fast like * x000d reply * x000d x000d * x000d mins ago carmenza duran pena donat need facebook log one choose nickname itas specific gender kink wise potential find perfect partner however free service limited full use costly aPS aPS month monthly annually guess question much value kink like * x000d reply * x000d x000d * x000d mins ago lili ramos ready thank thanks like * x000d reply * x000d x000d * x000d mins ago sahra tulaz greattttt register get find soul mate thnk like * x000d reply * x000d x000d * x000d mins ago mari odaka god blessssss love site like * x000d reply * x000d x000d * x000d mins ago mary tait looking love like * x000d reply * x000d x000d * x000d mins ago tobias tollbom tried get meet someone nice think maybe someone come yet feel difficulties like * x000d reply * x000d x000d * x000d mins ago king ho looking marriage seriously like * x000d reply * x000d x000d * x000d hrs ago shiran huber great love u like * x000d reply * x000d x000d * x000d hrs ago melissa cameron tried site found soul mate near like * x000d reply * x000d x000d * x000d hrs ago hytham behiry love site like * x000d reply * x000d x000d * x000d hrs ago brian hutchison mean sign right away real like * x000d reply * x000d x000d * x000d hrs ago danielle cossack barbieri way hide profile people live outside us list member noticed majority likes women europe asia like * x000d reply * x000d x000d * x000d hrs ago paige hubbs cute love see diverse representations dating success beyond het white marriage last feb story eric jenn like * x000d reply * x000d x000d * x000d hrs ago facebook comments plugin leave comment copyright (c) award certificate trusted event tindersexplus contact us contact us name email message submit
 ['http://makinglove.uno/',http://makinglove.uno/,makinglove uno domain recently registered namecheap com please check back later makinglove uno copyright rights reserved privacy policy
 ['http://bountine.uno/',http://bountine.uno/,sexy girl - sexy girl register find soulmate today get perfect match area see matches facebook f twitter instagram pinterest google plus g get movies club (c) rights reserved
 ['https://id.sv/OeKr5j',https://id.sv/oekr5j,
 ['https://vk.sv/gNQIXQ',https://vk.sv/gnqixq,popular dating site monthunsubscribeadult onlyreport abusewarning show list photos women live near ready sex right need ask quick questions continuequestion 1many women desperate single moms cheating wives looking fun could neighbors someone know agree keep identity women secret noyesquestion 2these women asked us allow men seeking relationship desire quick sex dating agree request noyesquestion 3are least years old women requested let younger contact past rude behavior younger men noyesthank may see list photos women area please keep identity secret click continue button search basis answers continue
 ['http://tinders.club/gambler',http://tinders.club/gambler,please wait automatic redirecting secure page
 ['https://aishite.tokyo/yunzi?[Love-You]%F0%9F%A4%A4',https://aishite.tokyo/yunzi?love-you%f0%9f%a4%a4,please wait automatic redirecting secure page
 ['http://sexparty.uno/'],http://sexparty.uno/,
 ['http://todis.uno/',http://todis.uno/,free dating site warning see nude photos videos please discreet continue x000d 459k comments member register carol baynes great privacy photo tagline displayed hour time also means youad better move fast like * x000d reply * x000d x000d * x000d mins ago carmenza duran pena donat need facebook log one choose nickname itas specific gender kink wise potential find perfect partner however free service limited full use costly aPS aPS month monthly annually guess question much value kink like * x000d reply * x000d x000d * x000d mins ago lili ramos ready thank thanks like * x000d reply * x000d x000d * x000d mins ago sahra tulaz greattttt register get find soul mate thnk like * x000d reply * x000d x000d * x000d mins ago mari odaka god blessssss love site like * x000d reply * x000d x000d * x000d mins ago mary tait looking love like * x000d reply * x000d x000d * x000d mins ago tobias tollbom tried get meet someone nice think maybe someone come yet feel difficulties like * x000d reply * x000d x000d * x000d mins ago king ho looking marriage seriously like * x000d reply * x000d x000d * x000d hrs ago shiran huber great love u like * x000d reply * x000d x000d * x000d hrs ago melissa cameron tried site found soul mate near like * x000d reply * x000d x000d * x000d hrs ago hytham behiry love site like * x000d reply * x000d x000d * x000d hrs ago brian hutchison mean sign right away real like * x000d reply * x000d x000d * x000d hrs ago danielle cossack barbieri way hide profile people live outside us list member noticed majority likes women europe asia like * x000d reply * x000d x000d * x000d hrs ago paige hubbs cute love see diverse representations dating success beyond het white marriage last feb story eric jenn like * x000d reply * x000d x000d * x000d hrs ago facebook comments plugin leave comment copyright (c) award certificate trusted event tindersexplus contact us contact us name email message submit
 ['http://aishite.tokyo/BYSON?%E2%9C%98%E2%93%89%E2%93%8A%E2%92%B7%E2%92%BA',http://aishite.tokyo/byson?%e2%9c%98%e2%93%89%e2%93%8a%e2%92%b7%e2%92%ba,please wait automatic redirecting secure page
 ['http://sex69.uno/',http://sex69.uno/,free dating site warning see nude photos videos please discreet continue x000d 459k comments member register carol baynes great privacy photo tagline displayed hour time also means youad better move fast like * x000d reply * x000d x000d * x000d mins ago carmenza duran pena donat need facebook log one choose nickname itas specific gender kink wise potential find perfect partner however free service limited full use costly aPS aPS month monthly annually guess question much value kink like * x000d reply * x000d x000d * x000d mins ago lili ramos ready thank thanks like * x000d reply * x000d x000d * x000d mins ago sahra tulaz greattttt register get find soul mate thnk like * x000d reply * x000d x000d * x000d mins ago mari odaka god blessssss love site like * x000d reply * x000d x000d * x000d mins ago mary tait looking love like * x000d reply * x000d x000d * x000d mins ago tobias tollbom tried get meet someone nice think maybe someone come yet feel difficulties like * x000d reply * x000d x000d * x000d mins ago king ho looking marriage seriously like * x000d reply * x000d x000d * x000d hrs ago shiran huber great love u like * x000d reply * x000d x000d * x000d hrs ago melissa cameron tried site found soul mate near like * x000d reply * x000d x000d * x000d hrs ago hytham behiry love site like * x000d reply * x000d x000d * x000d hrs ago brian hutchison mean sign right away real like * x000d reply * x000d x000d * x000d hrs ago danielle cossack barbieri way hide profile people live outside us list member noticed majority likes women europe asia like * x000d reply * x000d x000d * x000d hrs ago paige hubbs cute love see diverse representations dating success beyond het white marriage last feb story eric jenn like * x000d reply * x000d x000d * x000d hrs ago facebook comments plugin leave comment copyright (c) award certificate trusted event tindersexplus contact us contact us name email message submit
 ['http://babes.sexorsuck.uno/',http://babes.sexorsuck.uno/,free dating site warning see nude photos videos please discreet continue x000d 459k comments member register carol baynes great privacy photo tagline displayed hour time also means youad better move fast like * x000d reply * x000d x000d * x000d mins ago carmenza duran pena donat need facebook log one choose nickname itas specific gender kink wise potential find perfect partner however free service limited full use costly aPS aPS month monthly annually guess question much value kink like * x000d reply * x000d x000d * x000d mins ago lili ramos ready thank thanks like * x000d reply * x000d x000d * x000d mins ago sahra tulaz greattttt register get find soul mate thnk like * x000d reply * x000d x000d * x000d mins ago mari odaka god blessssss love site like * x000d reply * x000d x000d * x000d mins ago mary tait looking love like * x000d reply * x000d x000d * x000d mins ago tobias tollbom tried get meet someone nice think maybe someone come yet feel difficulties like * x000d reply * x000d x000d * x000d mins ago king ho looking marriage seriously like * x000d reply * x000d x000d * x000d hrs ago shiran huber great love u like * x000d reply * x000d x000d * x000d hrs ago melissa cameron tried site found soul mate near like * x000d reply * x000d x000d * x000d hrs ago hytham behiry love site like * x000d reply * x000d x000d * x000d hrs ago brian hutchison mean sign right away real like * x000d reply * x000d x000d * x000d hrs ago danielle cossack barbieri way hide profile people live outside us list member noticed majority likes women europe asia like * x000d reply * x000d x000d * x000d hrs ago paige hubbs cute love see diverse representations dating success beyond het white marriage last feb story eric jenn like * x000d reply * x000d x000d * x000d hrs ago facebook comments plugin leave comment copyright (c) award certificate trusted event tindersexplus contact us contact us name email message submit
 ['http://dirtyangel.uno/'],http://dirtyangel.uno/,sexy girl - sexy girl register find soulmate today get perfect match area see matches facebook f twitter instagram pinterest google plus g get movies club (c) rights reserved
 ['http://fb.sv/sletingdolls',http://fb.sv/sletingdolls,
 ['http://day.lol/'],http://day.lol/,
 ['http://bestdate.us/mercedes?first&#39;sexs',http://bestdate.us/mercedes?first&#39;sexs,
 ['http://of.it/'],http://of.it/,
 ['http://mom.love/'],http://mom.love/,
 ['http://babes.nobody.uno/',http://babes.nobody.uno/,video porn - register find soulmate today get perfect match area continue facebook f twitter instagram pinterest google plus g get movies club (c) rights reserved
 ['http://parent.wtf/'],http://parent.wtf/,
 ['http://head.im/'],http://head.im/,
 ['http://starmovies.uno/'],http://starmovies.uno/,starmovies uno domain recently registered namecheap com please check back later starmovies uno copyright rights reserved privacy policy
 ['http://babes.girlforyou.uno/',http://babes.girlforyou.uno/,girlforyou uno domain recently registered namecheap com please check back later girlforyou uno copyright rights reserved privacy policy
 ['https://www.twitch.tv/ytube_vibermebaby',https://www.twitch.tv/ytube_vibermebaby,twitch
 ['http://kissme.uno/',http://kissme.uno/,free dating site warning see nude photos videos please discreet continue x000d 459k comments member register carol baynes great privacy photo tagline displayed hour time also means youad better move fast like * x000d reply * x000d x000d * x000d mins ago carmenza duran pena donat need facebook log one choose nickname itas specific gender kink wise potential find perfect partner however free service limited full use costly aPS aPS month monthly annually guess question much value kink like * x000d reply * x000d x000d * x000d mins ago lili ramos ready thank thanks like * x000d reply * x000d x000d * x000d mins ago sahra tulaz greattttt register get find soul mate thnk like * x000d reply * x000d x000d * x000d mins ago mari odaka god blessssss love site like * x000d reply * x000d x000d * x000d mins ago mary tait looking love like * x000d reply * x000d x000d * x000d mins ago tobias tollbom tried get meet someone nice think maybe someone come yet feel difficulties like * x000d reply * x000d x000d * x000d mins ago king ho looking marriage seriously like * x000d reply * x000d x000d * x000d hrs ago shiran huber great love u like * x000d reply * x000d x000d * x000d hrs ago melissa cameron tried site found soul mate near like * x000d reply * x000d x000d * x000d hrs ago hytham behiry love site like * x000d reply * x000d x000d * x000d hrs ago brian hutchison mean sign right away real like * x000d reply * x000d x000d * x000d hrs ago danielle cossack barbieri way hide profile people live outside us list member noticed majority likes women europe asia like * x000d reply * x000d x000d * x000d hrs ago paige hubbs cute love see diverse representations dating success beyond het white marriage last feb story eric jenn like * x000d reply * x000d x000d * x000d hrs ago facebook comments plugin leave comment copyright (c) award certificate trusted event tindersexplus contact us contact us name email message submit
 ['http://single.mom/'],http://single.mom/,
 ['https://aishite.tokyo/yahiko',https://aishite.tokyo/yahiko,please wait automatic redirecting secure page
 ['https://aishite.tokyo/ayako?instagram',https://aishite.tokyo/ayako?instagram,found x000d found resource requested could found server
 ['http://babes.bukake.uno/'],http://babes.bukake.uno/,free dating site warning see nude photos videos please discreet continue x000d 459k comments member register carol baynes great privacy photo tagline displayed hour time also means youad better move fast like * x000d reply * x000d x000d * x000d mins ago carmenza duran pena donat need facebook log one choose nickname itas specific gender kink wise potential find perfect partner however free service limited full use costly aPS aPS month monthly annually guess question much value kink like * x000d reply * x000d x000d * x000d mins ago lili ramos ready thank thanks like * x000d reply * x000d x000d * x000d mins ago sahra tulaz greattttt register get find soul mate thnk like * x000d reply * x000d x000d * x000d mins ago mari odaka god blessssss love site like * x000d reply * x000d x000d * x000d mins ago mary tait looking love like * x000d reply * x000d x000d * x000d mins ago tobias tollbom tried get meet someone nice think maybe someone come yet feel difficulties like * x000d reply * x000d x000d * x000d mins ago king ho looking marriage seriously like * x000d reply * x000d x000d * x000d hrs ago shiran huber great love u like * x000d reply * x000d x000d * x000d hrs ago melissa cameron tried site found soul mate near like * x000d reply * x000d x000d * x000d hrs ago hytham behiry love site like * x000d reply * x000d x000d * x000d hrs ago brian hutchison mean sign right away real like * x000d reply * x000d x000d * x000d hrs ago danielle cossack barbieri way hide profile people live outside us list member noticed majority likes women europe asia like * x000d reply * x000d x000d * x000d hrs ago paige hubbs cute love see diverse representations dating success beyond het white marriage last feb story eric jenn like * x000d reply * x000d x000d * x000d hrs ago facebook comments plugin leave comment copyright (c) award certificate trusted event tindersexplus contact us contact us name email message submit
 ['https://aisuru.tokyo/4sexx',https://aisuru.tokyo/4sexx,found x000d found x000d resource requested could found server
 ['https://link.sv/moimoi?XD%F0%9F%94%A5',https://link.sv/moimoi?xd%f0%9f%94%a5,age verification yes
 ['https://aishite.tokyo/garpit',https://aishite.tokyo/garpit,found x000d found resource requested could found server
 ['http://baby.read/'],http://baby.read/,
 ['http://topgirls.uno/',http://topgirls.uno/,youtubeaboutpresscopyrightcontact uscreatorsadvertisedeveloperstermsprivacypolicy safetyhow youtube workstest new features(c) google llc
 ['http://sweetporn.uno/',http://sweetporn.uno/,free dating site warning see nude photos videos please discreet continue x000d 459k comments member register carol baynes great privacy photo tagline displayed hour time also means youad better move fast like * x000d reply * x000d x000d * x000d mins ago carmenza duran pena donat need facebook log one choose nickname itas specific gender kink wise potential find perfect partner however free service limited full use costly aPS aPS month monthly annually guess question much value kink like * x000d reply * x000d x000d * x000d mins ago lili ramos ready thank thanks like * x000d reply * x000d x000d * x000d mins ago sahra tulaz greattttt register get find soul mate thnk like * x000d reply * x000d x000d * x000d mins ago mari odaka god blessssss love site like * x000d reply * x000d x000d * x000d mins ago mary tait looking love like * x000d reply * x000d x000d * x000d mins ago tobias tollbom tried get meet someone nice think maybe someone come yet feel difficulties like * x000d reply * x000d x000d * x000d mins ago king ho looking marriage seriously like * x000d reply * x000d x000d * x000d hrs ago shiran huber great love u like * x000d reply * x000d x000d * x000d hrs ago melissa cameron tried site found soul mate near like * x000d reply * x000d x000d * x000d hrs ago hytham behiry love site like * x000d reply * x000d x000d * x000d hrs ago brian hutchison mean sign right away real like * x000d reply * x000d x000d * x000d hrs ago danielle cossack barbieri way hide profile people live outside us list member noticed majority likes women europe asia like * x000d reply * x000d x000d * x000d hrs ago paige hubbs cute love see diverse representations dating success beyond het white marriage last feb story eric jenn like * x000d reply * x000d x000d * x000d hrs ago facebook comments plugin leave comment copyright (c) award certificate trusted event tindersexplus contact us contact us name email message submit
 ['http://kissss.uno/makinglove',http://kissss.uno/makinglove,youtubeaboutpresscopyrightcontact uscreatorsadvertisedeveloperstermsprivacypolicy safetyhow youtube workstest new features(c) google llc
 ['http://sexteen.uno/'],http://sexteen.uno/,sexy girl - sexy girl register find soulmate today get perfect match area see matches facebook f twitter instagram pinterest google plus g get movies club (c) rights reserved
 ['https://vk.sv/SImxik',https://vk.sv/simxik,popular dating site monthunsubscribeadult onlyreport abusegirls nearby warning warning see nude photos please discreet continue question 1question 1many women desperate single moms cheating wives looking fun could neighbors someone know agree keep identity women secret noyes question 2question 2many women desperate single moms cheating wives looking fun could neighbors someone know agree keep identity women secret noyes question 3question 3many women desperate single moms cheating wives looking fun could neighbors someone know agree keep identity women secret noyesthank thank may see list photos women area please keep identity secret click continue button search basis answers continue
 ['http://ressete.uno/',http://ressete.uno/,- sexy nude girls hi ' squirty let' build unique dating experience start clicking start confirm ' flirt chat naughty chat girls service play control get perfect match area private show go private model facebook f twitter instagram pinterest google plus g get movies club (c) rights reserved
 ['http://go.sv/CASHREX&#39;SLOVES',http://go.sv/cashrex&#39;sloves,link found
 ['https://vk.sv/A1lLAQ?REEL_SEXISME',https://vk.sv/a1llaq?reel_sexisme,
 ['http://baby.sexxo.uno/',http://baby.sexxo.uno/,sexxo uno domain recently registered namecheap com please check back later sexxo uno copyright rights reserved privacy policy
 ['http://office.you/',http://office.you/,
 ['http://nice.is/'],http://nice.is/,apache http server test page powered centos testing page used test proper operation apache http server installed read page means site working properly server powered centos visiting website visited either experiencing problems undergoing routine maintenance would like let administrators website know seen page instead page expected send e mail general mail sent name webmaster directed website domain reach appropriate person example experienced problems visiting www example com send e mail webmaster example com administrator add website content directory var www html prevent page ever used follow instructions file etc httpd conf welcome conf promoting apache centos free use images apache centos linux powered http servers thanks using apache centos important note centos project nothing website content provides software makes website run issues content site contact owner domain centos project unless intended visit centos org centos project anything website content lack example website www example com would find owner example com domain following whois server http www internic net whois html centos project centos linux distribution stable predictable manageable reproduceable platform derived sources red hat enterprise linux rhel additionally popular choice web hosting centos also provides rich platform open source communities build upon information please visit centos website
 ['http://bigooty.uno/'],http://bigooty.uno/,free dating site warning see nude photos videos please discreet continue x000d 459k comments member register carol baynes great privacy photo tagline displayed hour time also means youad better move fast like * x000d reply * x000d x000d * x000d mins ago carmenza duran pena donat need facebook log one choose nickname itas specific gender kink wise potential find perfect partner however free service limited full use costly aPS aPS month monthly annually guess question much value kink like * x000d reply * x000d x000d * x000d mins ago lili ramos ready thank thanks like * x000d reply * x000d x000d * x000d mins ago sahra tulaz greattttt register get find soul mate thnk like * x000d reply * x000d x000d * x000d mins ago mari odaka god blessssss love site like * x000d reply * x000d x000d * x000d mins ago mary tait looking love like * x000d reply * x000d x000d * x000d mins ago tobias tollbom tried get meet someone nice think maybe someone come yet feel difficulties like * x000d reply * x000d x000d * x000d mins ago king ho looking marriage seriously like * x000d reply * x000d x000d * x000d hrs ago shiran huber great love u like * x000d reply * x000d x000d * x000d hrs ago melissa cameron tried site found soul mate near like * x000d reply * x000d x000d * x000d hrs ago hytham behiry love site like * x000d reply * x000d x000d * x000d hrs ago brian hutchison mean sign right away real like * x000d reply * x000d x000d * x000d hrs ago danielle cossack barbieri way hide profile people live outside us list member noticed majority likes women europe asia like * x000d reply * x000d x000d * x000d hrs ago paige hubbs cute love see diverse representations dating success beyond het white marriage last feb story eric jenn like * x000d reply * x000d x000d * x000d hrs ago facebook comments plugin leave comment copyright (c) award certificate trusted event tindersexplus contact us contact us name email message submit
 ['https://aishite.tokyo/adeline?DATE-ME',https://aishite.tokyo/adeline?date-me,please wait automatic redirecting secure page
 ['http://secretly.uno/',http://secretly.uno/,free dating site warning see nude photos videos please discreet continue x000d 459k comments member register carol baynes great privacy photo tagline displayed hour time also means youad better move fast like * x000d reply * x000d x000d * x000d mins ago carmenza duran pena donat need facebook log one choose nickname itas specific gender kink wise potential find perfect partner however free service limited full use costly aPS aPS month monthly annually guess question much value kink like * x000d reply * x000d x000d * x000d mins ago lili ramos ready thank thanks like * x000d reply * x000d x000d * x000d mins ago sahra tulaz greattttt register get find soul mate thnk like * x000d reply * x000d x000d * x000d mins ago mari odaka god blessssss love site like * x000d reply * x000d x000d * x000d mins ago mary tait looking love like * x000d reply * x000d x000d * x000d mins ago tobias tollbom tried get meet someone nice think maybe someone come yet feel difficulties like * x000d reply * x000d x000d * x000d mins ago king ho looking marriage seriously like * x000d reply * x000d x000d * x000d hrs ago shiran huber great love u like * x000d reply * x000d x000d * x000d hrs ago melissa cameron tried site found soul mate near like * x000d reply * x000d x000d * x000d hrs ago hytham behiry love site like * x000d reply * x000d x000d * x000d hrs ago brian hutchison mean sign right away real like * x000d reply * x000d x000d * x000d hrs ago danielle cossack barbieri way hide profile people live outside us list member noticed majority likes women europe asia like * x000d reply * x000d x000d * x000d hrs ago paige hubbs cute love see diverse representations dating success beyond het white marriage last feb story eric jenn like * x000d reply * x000d x000d * x000d hrs ago facebook comments plugin leave comment copyright (c) award certificate trusted event tindersexplus contact us contact us name email message submit
 ['http://quick7kissing.toples.uno/'],http://quick7kissing.toples.uno/,toples uno domain recently registered namecheap com please check back later toples uno copyright rights reserved privacy policy
  'https://youngmom.tokyo/4sexx',https://youngmom.tokyo/4sexx,found x000d found resource requested could found server
 ['http://cuminside.uno/'],http://cuminside.uno/,sexy girl - sexy girl register find soulmate today get perfect match area see matches facebook f twitter instagram pinterest google plus g get movies club (c) rights reserved
 ['http://brisex.uno/'],http://brisex.uno/,sexy girl - sexy girl register find soulmate today get perfect match area see matches facebook f twitter instagram pinterest google plus g get movies club (c) rights reserved
 ['https://bit.ly/2ZeP6yN?%E2%9C%98%E2%93%89%E2%93%8A%E2%92%B7%E2%92%BA%F0%9F%94%9E%F0%9F%94%A5-',https://bit.ly/2zep6yn?%e2%9c%98%e2%93%89%e2%93%8a%e2%92%b7%e2%92%ba%f0%9f%94%9e%f0%9f%94%a5-,
 ['http://youtube.ong/'],http://youtube.ong/,
 ['http://kisslove.uno/',http://kisslove.uno/,free dating site warning see nude photos videos please discreet continue x000d 459k comments member register carol baynes great privacy photo tagline displayed hour time also means youad better move fast like * x000d reply * x000d x000d * x000d mins ago carmenza duran pena donat need facebook log one choose nickname itas specific gender kink wise potential find perfect partner however free service limited full use costly aPS aPS month monthly annually guess question much value kink like * x000d reply * x000d x000d * x000d mins ago lili ramos ready thank thanks like * x000d reply * x000d x000d * x000d mins ago sahra tulaz greattttt register get find soul mate thnk like * x000d reply * x000d x000d * x000d mins ago mari odaka god blessssss love site like * x000d reply * x000d x000d * x000d mins ago mary tait looking love like * x000d reply * x000d x000d * x000d mins ago tobias tollbom tried get meet someone nice think maybe someone come yet feel difficulties like * x000d reply * x000d x000d * x000d mins ago king ho looking marriage seriously like * x000d reply * x000d x000d * x000d hrs ago shiran huber great love u like * x000d reply * x000d x000d * x000d hrs ago melissa cameron tried site found soul mate near like * x000d reply * x000d x000d * x000d hrs ago hytham behiry love site like * x000d reply * x000d x000d * x000d hrs ago brian hutchison mean sign right away real like * x000d reply * x000d x000d * x000d hrs ago danielle cossack barbieri way hide profile people live outside us list member noticed majority likes women europe asia like * x000d reply * x000d x000d * x000d hrs ago paige hubbs cute love see diverse representations dating success beyond het white marriage last feb story eric jenn like * x000d reply * x000d x000d * x000d hrs ago facebook comments plugin leave comment copyright (c) award certificate trusted event tindersexplus contact us contact us name email message submit
 ['http://josex.uno/',http://josex.uno/,sexy girl - sexy girl register find soulmate today get perfect match area see matches facebook f twitter instagram pinterest google plus g get movies club (c) rights reserved
 ['http://babes.sweetgirls.uno/',http://babes.sweetgirls.uno/,sweetgirls uno domain recently registered namecheap com please check back later sweetgirls uno copyright rights reserved privacy policy
 ['http://sweetgirls.uno/',http://sweetgirls.uno/,sweetgirls uno domain recently registered namecheap com please check back later sweetgirls uno copyright rights reserved privacy policy
 ['http://lynk.id/olivia',http://lynk.id/olivia,olivia cancel update cart buy continue shopping promo code cancel apply olivia Da Ren Xiang kenoZui Xin kontentsu 17Nian Yi Shang nomi view continue made
 ['https://bit.ly/2ZeP6yN?%E2%93%89%E2%93%8A%E2%92%B7%E2%92%BA%F0%9F%94%9E%F0%9F%94%A5',https://bit.ly/2zep6yn?%e2%93%89%e2%93%8a%e2%92%b7%e2%92%ba%f0%9f%94%9e%f0%9f%94%a5,
 ['http://mirabelle.uno/'],http://mirabelle.uno/,sexy girl - sexy girl register find soulmate today get perfect match area see matches facebook f twitter instagram pinterest google plus g get movies club (c) rights reserved
 ['http://tanggo.monster/',http://tanggo.monster/,please wait automatic redirecting secure page
  'http://sexbabes.uno/',http://sexbabes.uno/,free dating site warning see nude photos videos please discreet continue x000d 459k comments member register carol baynes great privacy photo tagline displayed hour time also means youad better move fast like * x000d reply * x000d x000d * x000d mins ago carmenza duran pena donat need facebook log one choose nickname itas specific gender kink wise potential find perfect partner however free service limited full use costly aPS aPS month monthly annually guess question much value kink like * x000d reply * x000d x000d * x000d mins ago lili ramos ready thank thanks like * x000d reply * x000d x000d * x000d mins ago sahra tulaz greattttt register get find soul mate thnk like * x000d reply * x000d x000d * x000d mins ago mari odaka god blessssss love site like * x000d reply * x000d x000d * x000d mins ago mary tait looking love like * x000d reply * x000d x000d * x000d mins ago tobias tollbom tried get meet someone nice think maybe someone come yet feel difficulties like * x000d reply * x000d x000d * x000d mins ago king ho looking marriage seriously like * x000d reply * x000d x000d * x000d hrs ago shiran huber great love u like * x000d reply * x000d x000d * x000d hrs ago melissa cameron tried site found soul mate near like * x000d reply * x000d x000d * x000d hrs ago hytham behiry love site like * x000d reply * x000d x000d * x000d hrs ago brian hutchison mean sign right away real like * x000d reply * x000d x000d * x000d hrs ago danielle cossack barbieri way hide profile people live outside us list member noticed majority likes women europe asia like * x000d reply * x000d x000d * x000d hrs ago paige hubbs cute love see diverse representations dating success beyond het white marriage last feb story eric jenn like * x000d reply * x000d x000d * x000d hrs ago facebook comments plugin leave comment copyright (c) award certificate trusted event tindersexplus contact us contact us name email message submit
 ['http://babes.stepsister.uno/'],http://babes.stepsister.uno/,free dating site warning see nude photos videos please discreet continue x000d 459k comments member register carol baynes great privacy photo tagline displayed hour time also means youad better move fast like * x000d reply * x000d x000d * x000d mins ago carmenza duran pena donat need facebook log one choose nickname itas specific gender kink wise potential find perfect partner however free service limited full use costly aPS aPS month monthly annually guess question much value kink like * x000d reply * x000d x000d * x000d mins ago lili ramos ready thank thanks like * x000d reply * x000d x000d * x000d mins ago sahra tulaz greattttt register get find soul mate thnk like * x000d reply * x000d x000d * x000d mins ago mari odaka god blessssss love site like * x000d reply * x000d x000d * x000d mins ago mary tait looking love like * x000d reply * x000d x000d * x000d mins ago tobias tollbom tried get meet someone nice think maybe someone come yet feel difficulties like * x000d reply * x000d x000d * x000d mins ago king ho looking marriage seriously like * x000d reply * x000d x000d * x000d hrs ago shiran huber great love u like * x000d reply * x000d x000d * x000d hrs ago melissa cameron tried site found soul mate near like * x000d reply * x000d x000d * x000d hrs ago hytham behiry love site like * x000d reply * x000d x000d * x000d hrs ago brian hutchison mean sign right away real like * x000d reply * x000d x000d * x000d hrs ago danielle cossack barbieri way hide profile people live outside us list member noticed majority likes women europe asia like * x000d reply * x000d x000d * x000d hrs ago paige hubbs cute love see diverse representations dating success beyond het white marriage last feb story eric jenn like * x000d reply * x000d x000d * x000d hrs ago facebook comments plugin leave comment copyright (c) award certificate trusted event tindersexplus contact us contact us name email message submit
 ['http://adultonly.uno/',http://adultonly.uno/,rezeki beranda langganan postingan atom
  'http://sexorsuck.uno/',http://sexorsuck.uno/,sexy girl - sexy girl register find soulmate today get perfect match area see matches facebook f twitter instagram pinterest google plus g get movies club (c) rights reserved
  'http://girls.climax.uno/',http://girls.climax.uno/,sexy girl - sexy girl register find soulmate today get perfect match area see matches facebook f twitter instagram pinterest google plus g get movies club (c) rights reserved
 ['http://in.sv/MEXI',http://in.sv/mexi,loading loading
 ['http://hot.babydoll.uno/',http://hot.babydoll.uno/,sexy girl - sexy girl register find soulmate today get perfect match area see matches facebook f twitter instagram pinterest google plus g get movies club (c) rights reserved
 ['http://hotslut.monster/',http://hotslut.monster/,please wait automatic redirecting secure page
 ['http://10.20.kg/'],http://10.20.kg/,
 ['http://in.sv/OZAWA',http://in.sv/ozawa,link unavailable
  'http://dulkaclep-jk.uno/',http://dulkaclep-jk.uno/,dulkaclep jk beranda langganan postingan atom
 ['http://sonyejin.uno/',http://sonyejin.uno/,newsonyejin beranda langganan postingan atom
 ['http://stunning.baby/'],http://stunning.baby/,popular dating site monthadult onlyreport abusegirls nearby warning show list photos women live near ready sex right need ask quick questions continuequestion 1many women desperate single moms cheating wives looking fun could neighbors someone know agree keep identity women secret noyesquestion 2these women asked us allow men seeking relationship desire quick sex dating agree request noyesquestion 3are least years old women requested let younger contact past rude behavior younger men noyesthank may see list photos women area please keep identity secret click continue button search basis answers continue
 ['http://climax.uno/'],http://climax.uno/,free dating site warning see nude photos videos please discreet continue x000d 459k comments member register carol baynes great privacy photo tagline displayed hour time also means youad better move fast like * x000d reply * x000d x000d * x000d mins ago carmenza duran pena donat need facebook log one choose nickname itas specific gender kink wise potential find perfect partner however free service limited full use costly aPS aPS month monthly annually guess question much value kink like * x000d reply * x000d x000d * x000d mins ago lili ramos ready thank thanks like * x000d reply * x000d x000d * x000d mins ago sahra tulaz greattttt register get find soul mate thnk like * x000d reply * x000d x000d * x000d mins ago mari odaka god blessssss love site like * x000d reply * x000d x000d * x000d mins ago mary tait looking love like * x000d reply * x000d x000d * x000d mins ago tobias tollbom tried get meet someone nice think maybe someone come yet feel difficulties like * x000d reply * x000d x000d * x000d mins ago king ho looking marriage seriously like * x000d reply * x000d x000d * x000d hrs ago shiran huber great love u like * x000d reply * x000d x000d * x000d hrs ago melissa cameron tried site found soul mate near like * x000d reply * x000d x000d * x000d hrs ago hytham behiry love site like * x000d reply * x000d x000d * x000d hrs ago brian hutchison mean sign right away real like * x000d reply * x000d x000d * x000d hrs ago danielle cossack barbieri way hide profile people live outside us list member noticed majority likes women europe asia like * x000d reply * x000d x000d * x000d hrs ago paige hubbs cute love see diverse representations dating success beyond het white marriage last feb story eric jenn like * x000d reply * x000d x000d * x000d hrs ago facebook comments plugin leave comment copyright (c) award certificate trusted event tindersexplus contact us contact us name email message submit
 ['http://milfsex.uno/'],http://milfsex.uno/,free dating site warning see nude photos videos please discreet continue x000d 459k comments member register carol baynes great privacy photo tagline displayed hour time also means youad better move fast like * x000d reply * x000d x000d * x000d mins ago carmenza duran pena donat need facebook log one choose nickname itas specific gender kink wise potential find perfect partner however free service limited full use costly aPS aPS month monthly annually guess question much value kink like * x000d reply * x000d x000d * x000d mins ago lili ramos ready thank thanks like * x000d reply * x000d x000d * x000d mins ago sahra tulaz greattttt register get find soul mate thnk like * x000d reply * x000d x000d * x000d mins ago mari odaka god blessssss love site like * x000d reply * x000d x000d * x000d mins ago mary tait looking love like * x000d reply * x000d x000d * x000d mins ago tobias tollbom tried get meet someone nice think maybe someone come yet feel difficulties like * x000d reply * x000d x000d * x000d mins ago king ho looking marriage seriously like * x000d reply * x000d x000d * x000d hrs ago shiran huber great love u like * x000d reply * x000d x000d * x000d hrs ago melissa cameron tried site found soul mate near like * x000d reply * x000d x000d * x000d hrs ago hytham behiry love site like * x000d reply * x000d x000d * x000d hrs ago brian hutchison mean sign right away real like * x000d reply * x000d x000d * x000d hrs ago danielle cossack barbieri way hide profile people live outside us list member noticed majority likes women europe asia like * x000d reply * x000d x000d * x000d hrs ago paige hubbs cute love see diverse representations dating success beyond het white marriage last feb story eric jenn like * x000d reply * x000d x000d * x000d hrs ago facebook comments plugin leave comment copyright (c) award certificate trusted event tindersexplus contact us contact us name email message submit
 ['http://lh6churros.uno/'],http://lh6churros.uno/,free dating site warning see nude photos videos please discreet continue x000d 459k comments member register carol baynes great privacy photo tagline displayed hour time also means youad better move fast like * x000d reply * x000d x000d * x000d mins ago carmenza duran pena donat need facebook log one choose nickname itas specific gender kink wise potential find perfect partner however free service limited full use costly aPS aPS month monthly annually guess question much value kink like * x000d reply * x000d x000d * x000d mins ago lili ramos ready thank thanks like * x000d reply * x000d x000d * x000d mins ago sahra tulaz greattttt register get find soul mate thnk like * x000d reply * x000d x000d * x000d mins ago mari odaka god blessssss love site like * x000d reply * x000d x000d * x000d mins ago mary tait looking love like * x000d reply * x000d x000d * x000d mins ago tobias tollbom tried get meet someone nice think maybe someone come yet feel difficulties like * x000d reply * x000d x000d * x000d mins ago king ho looking marriage seriously like * x000d reply * x000d x000d * x000d hrs ago shiran huber great love u like * x000d reply * x000d x000d * x000d hrs ago melissa cameron tried site found soul mate near like * x000d reply * x000d x000d * x000d hrs ago hytham behiry love site like * x000d reply * x000d x000d * x000d hrs ago brian hutchison mean sign right away real like * x000d reply * x000d x000d * x000d hrs ago danielle cossack barbieri way hide profile people live outside us list member noticed majority likes women europe asia like * x000d reply * x000d x000d * x000d hrs ago paige hubbs cute love see diverse representations dating success beyond het white marriage last feb story eric jenn like * x000d reply * x000d x000d * x000d hrs ago facebook comments plugin leave comment copyright (c) award certificate trusted event tindersexplus contact us contact us name email message submit
  'http://loveme.uno/bella',http://loveme.uno/bella,please wait automatic redirecting secure page
 ['http://sukisuki-girls.monster/',http://sukisuki-girls.monster/,
 ['http://kinglove.uno/',http://kinglove.uno/,free dating site warning see nude photos videos please discreet continue x000d 459k comments member register carol baynes great privacy photo tagline displayed hour time also means youad better move fast like * x000d reply * x000d x000d * x000d mins ago carmenza duran pena donat need facebook log one choose nickname itas specific gender kink wise potential find perfect partner however free service limited full use costly aPS aPS month monthly annually guess question much value kink like * x000d reply * x000d x000d * x000d mins ago lili ramos ready thank thanks like * x000d reply * x000d x000d * x000d mins ago sahra tulaz greattttt register get find soul mate thnk like * x000d reply * x000d x000d * x000d mins ago mari odaka god blessssss love site like * x000d reply * x000d x000d * x000d mins ago mary tait looking love like * x000d reply * x000d x000d * x000d mins ago tobias tollbom tried get meet someone nice think maybe someone come yet feel difficulties like * x000d reply * x000d x000d * x000d mins ago king ho looking marriage seriously like * x000d reply * x000d x000d * x000d hrs ago shiran huber great love u like * x000d reply * x000d x000d * x000d hrs ago melissa cameron tried site found soul mate near like * x000d reply * x000d x000d * x000d hrs ago hytham behiry love site like * x000d reply * x000d x000d * x000d hrs ago brian hutchison mean sign right away real like * x000d reply * x000d x000d * x000d hrs ago danielle cossack barbieri way hide profile people live outside us list member noticed majority likes women europe asia like * x000d reply * x000d x000d * x000d hrs ago paige hubbs cute love see diverse representations dating success beyond het white marriage last feb story eric jenn like * x000d reply * x000d x000d * x000d hrs ago facebook comments plugin leave comment copyright (c) award certificate trusted event tindersexplus contact us contact us name email message submit
 ['http://kimoci.online/'],http://kimoci.online/,please wait automatic redirecting secure page